{"cameraMode":{"drawMode":0,"name":"Shaded","section":"Shading Mode"},"sceneLighting":true,"audioPlay":false,"sceneViewState":{"m_AlwaysRefresh":false,"showFog":true,"showSkybox":true,"showFlares":true,"showImageEffects":true,"showParticleSystems":true,"showVisualEffectGraphs":true,"m_FxEnabled":true},"in2DMode":false,"pivot":{"x":-8.0035400390625,"y":63.24339294433594,"z":22.617992401123048},"rotation":{"x":0.001164514571428299,"y":-0.7687728404998779,"z":0.001384468749165535,"w":0.6395401358604431},"size":132.83665466308595,"orthographic":false}